{"stats":{"minecraft:used":{"minecraft:dirt":2,"minecraft:crafting_table":1,"minecraft:stone_pickaxe":4,"alexsmobs:animal_dictionary":1,"minecraft:wooden_pickaxe":16},"minecraft:mined":{"minecraft:coal_ore":4,"minecraft:grass_block":3,"minecraft:oak_log":4,"minecraft:dirt":3,"minecraft:stone":16},"minecraft:picked_up":{"minecraft:oak_log":4,"minecraft:coal":4,"minecraft:dirt":6,"minecraft:cobblestone":16},"minecraft:custom":{"minecraft:time_since_rest":5708,"minecraft:crouch_one_cm":699,"minecraft:play_time":5708,"minecraft:sprint_one_cm":688,"minecraft:walk_one_cm":6773,"minecraft:sneak_time":303,"minecraft:jump":50,"minecraft:time_since_death":5708,"minecraft:total_world_time":5708,"minecraft:interact_with_crafting_table":2,"minecraft:fall_one_cm":1639,"minecraft:fly_one_cm":1190},"minecraft:crafted":{"minecraft:oak_planks":16,"minecraft:crafting_table":1,"minecraft:stick":4,"minecraft:stone_pickaxe":1,"minecraft:wooden_pickaxe":1}},"DataVersion":3465}