{"stats":{"minecraft:used":{"minecraft:dirt":2},"minecraft:mined":{"luminousworld:savannah_grass_1":4,"minecraft:grass_block":2,"luminousworld:grassvariant_3":1,"minecraft:fire":5,"minecraft:sugar_cane":5,"minecraft:oak_leaves":1,"luminousworld:savanna_grass_2":1},"minecraft:picked_up":{"minecraft:stick":1,"minecraft:sugar_cane":14,"minecraft:dirt":2},"minecraft:custom":{"minecraft:time_since_rest":5724,"minecraft:crouch_one_cm":471,"minecraft:play_time":5724,"minecraft:sprint_one_cm":20456,"minecraft:damage_taken":50,"minecraft:walk_one_cm":7736,"minecraft:sneak_time":157,"minecraft:walk_under_water_one_cm":102,"minecraft:jump":160,"minecraft:time_since_death":5724,"minecraft:walk_on_water_one_cm":294,"minecraft:total_world_time":5724,"minecraft:swim_one_cm":700,"minecraft:fall_one_cm":6457,"minecraft:fly_one_cm":45736}},"DataVersion":3465}