{"stats":{"minecraft:picked_up":{"minecraft:dirt":4},"minecraft:custom":{"minecraft:jump":19,"minecraft:time_since_rest":1204,"minecraft:leave_game":1,"minecraft:crouch_one_cm":13,"minecraft:sprint_one_cm":2776,"minecraft:play_time":1204,"minecraft:time_since_death":1204,"minecraft:walk_one_cm":1254,"minecraft:sneak_time":9,"minecraft:total_world_time":1204,"minecraft:fall_one_cm":1105,"minecraft:fly_one_cm":4282},"minecraft:used":{"minecraft:dirt":4},"minecraft:mined":{"minecraft:grass_block":4}},"DataVersion":3465}